S Kolkata Chat,https:\/\/www.zomato.com\/chennai\/s-kolkata-chat-mylapore?utm_source=api_basic_user&utm_medium=api&utm_campaign=v2.1,"No. 153, Luz Church Road, Near Nageshwar Rao Park, Mylapore, Chennai",Chennai
MC's Lunchbox,https:\/\/www.zomato.com\/mcs-lunchbox?utm_source=api_basic_user&utm_medium=api&utm_campaign=v2.1,"Porur, Chennai",Chennai
Leo Coffee,https:\/\/www.zomato.com\/chennai\/leo-coffee-mylapore?utm_source=api_basic_user&utm_medium=api&utm_campaign=v2.1,"18, South Mada Street, Mylapore, Chennai",Chennai
Mana Andhra,https:\/\/www.zomato.com\/chennai\/mana-andhra-nungambakkam?utm_source=api_basic_user&utm_medium=api&utm_campaign=v2.1,"18\/24, Khader Nawaskhan Road, Nungambakkam, Chennai",Chennai
Eddies Popcorn,https:\/\/www.zomato.com\/chennai\/eddies-popcorn-taramani?utm_source=api_basic_user&utm_medium=api&utm_campaign=v2.1,"CSIR Road, Near Ascendas, Taramani, Chennai",Chennai
Kajaal's Tasty Bud,https:\/\/www.zomato.com\/chennai\/kajaals-tasty-bud-velachery?utm_source=api_basic_user&utm_medium=api&utm_campaign=v2.1,"13, Velachery Main Road, Near Nilgiri's Departmental Store, Velachery, Chennai",Chennai
CBH,https:\/\/www.zomato.com\/chennai\/cbh-nungambakkam?utm_source=api_basic_user&utm_medium=api&utm_campaign=v2.1,"38, Near Valluvar Kottam Signal, Kodambakkam High Road, Nungambakkam, Chennai",Chennai
Karaikudi Chettinadu Mess,https:\/\/www.zomato.com\/chennai\/karaikudi-chettinadu-mess-saidapet?utm_source=api_basic_user&utm_medium=api&utm_campaign=v2.1,"46.47, Jenis Road, Saidapet, Chennai",Chennai
Bakealicious,https:\/\/www.zomato.com\/chennai\/bakealicious-kilpauk?utm_source=api_basic_user&utm_medium=api&utm_campaign=v2.1,"19\/17, 1st floor, Sree Guru Apartments, Inner Circular Road, Kilpauk, Chennai",Chennai
Meat And Eat,https:\/\/www.zomato.com\/chennai\/meat-and-eat-egmore?utm_source=api_basic_user&utm_medium=api&utm_campaign=v2.1,"102, Shivalaya Building, Ethiraj Salai, Opposite Post Office, Egmore, Chennai",Chennai
Sri Annalakshmi,https:\/\/www.zomato.com\/chennai\/sri-annalakshmi-sholinganallur?utm_source=api_basic_user&utm_medium=api&utm_campaign=v2.1,"10, Anna Street, Sholinganallur, Chennai",Chennai
Quality Fast Food,https:\/\/www.zomato.com\/chennai\/quality-fast-food-anna-nagar-east?utm_source=api_basic_user&utm_medium=api&utm_campaign=v2.1,"No-41, 1st Main Road, 1st Avenue, G-Block, VOC Nagar, Anna Nagar East, Chennai",Chennai
CM Dhaba,https:\/\/www.zomato.com\/chennai\/cm-dhaba-royapuram?utm_source=api_basic_user&utm_medium=api&utm_campaign=v2.1,"27, Ennore High Road, Royapuram, Chennai",Chennai
Ze Flavors,https:\/\/www.zomato.com\/chennai\/ze-flavors-poonamalle?utm_source=api_basic_user&utm_medium=api&utm_campaign=v2.1,"Pleasant Days Resort, Next to Queensland Amusement Park, Chennai- Bangalore Highway, Palanjur- Sembarambakkam, Poonamalle, Chennai",Chennai
Capri,https:\/\/www.zomato.com\/chennai\/capri-royapettah?utm_source=api_basic_user&utm_medium=api&utm_campaign=v2.1,"Old Number 122\/ New Number 6, Behind LIC Building, General Patters Road, Royapettah, Chennai",Chennai
Country Wagon,https:\/\/www.zomato.com\/chennai\/country-wagon-tambaram?utm_source=api_basic_user&utm_medium=api&utm_campaign=v2.1,"14, Elangovan Street, East, Tambaram, Chennai",Chennai
The Pasta Spoon,https:\/\/www.zomato.com\/chennai\/the-pasta-spoon-1-ramapuram?utm_source=api_basic_user&utm_medium=api&utm_campaign=v2.1,"Ground FLoor, No. 1\/124, Block No. 05, Shivaji Garden, Mount Poonamallee Road, Ramapuram, Chennai",Chennai
Le Capsicum,https:\/\/www.zomato.com\/chennai\/le-capsicum-purasavakkam?utm_source=api_basic_user&utm_medium=api&utm_campaign=v2.1,"Food Court, Abirami Mega Mall, 152, Purasavakkam High Road, Purasavakkam, Chennai",Chennai
Bayleaf OTG (On The Go),https:\/\/www.zomato.com\/chennai\/bayleaf-otg-on-the-go-gopalapuram?utm_source=api_basic_user&utm_medium=api&utm_campaign=v2.1,"No. 14, 6th Street, Gopalapuram, Chennai",Chennai
Tandoori bay,https:\/\/www.zomato.com\/chennai\/tandoori-bay-taramani?utm_source=api_basic_user&utm_medium=api&utm_campaign=v2.1,"Planet Yumm Food Court, Harddy Tower, Block C, Ramanujan IT Park, Rajiv Gandhi Salai, Taramani, Chennai",Chennai
Pizza Hunt,https:\/\/www.zomato.com\/chennai\/pizza-hunt-gst-road?utm_source=api_basic_user&utm_medium=api&utm_campaign=v2.1,"Near SRM College, Kattankulathur, GST Road, Chennai",Chennai
Cafe 360,https:\/\/www.zomato.com\/chennai\/cafe-360-thuraipakkam?utm_source=api_basic_user&utm_medium=api&utm_campaign=v2.1,"361, Madakovil, Near Okkiyampet Bus Stand, Thuraipakkam, Chennai",Chennai
Oottupura,https:\/\/www.zomato.com\/chennai\/oottupura-royapettah?utm_source=api_basic_user&utm_medium=api&utm_campaign=v2.1,"Shop 165, Peters Road, Royapettah, Chennai",Chennai
Salem Thattu Vadai Kadai,https:\/\/www.zomato.com\/chennai\/salem-thattu-vadai-kadai-k-k-nagar?utm_source=api_basic_user&utm_medium=api&utm_campaign=v2.1,"69 \/36 Ponnambalam Salai, KK.Nagar, Near Amman temple chennai 600078 ",Chennai
Indian Biriyani Centre,https:\/\/www.zomato.com\/chennai\/indian-biriyani-centre-porur?utm_source=api_basic_user&utm_medium=api&utm_campaign=v2.1,"No. 4\/24C, 1st Street East, R.E. Nagar, Porur, Chennai",Chennai
Hotel Sai Bhavan,https:\/\/www.zomato.com\/chennai\/hotel-sai-bhavan-porur?utm_source=api_basic_user&utm_medium=api&utm_campaign=v2.1,"No, 1\/2, Kundrathur Main Road, Madhanandhapuram, Porur, Chennai",Chennai
Dindigul Thalappakatti,https:\/\/www.zomato.com\/chennai\/dindigul-thalappakatti-guindy?utm_source=api_basic_user&utm_medium=api&utm_campaign=v2.1,"New 2, Old 1, Venu Reddy Street, Guindy, Chennai",Chennai
Cake Talk,https:\/\/www.zomato.com\/chennai\/cake-talk-porur?utm_source=api_basic_user&utm_medium=api&utm_campaign=v2.1,"No. 16, Vasagi Nagar, Magalivakkam Main Road, Madhanandhapuram, Porur, Chennai",Chennai
Madurai Appatha Restaurant & Biriyani,https:\/\/www.zomato.com\/chennai\/maduraoi-appatha-restaurant-biriyani-porur?utm_source=api_basic_user&utm_medium=api&utm_campaign=v2.1,"No. 1B-A1, Parvathy Avenue, Mugalivakkam Main Road, Madhanandhapuram, Porur, Chennai",Chennai
Creamy Crumbs,https:\/\/www.zomato.com\/chennai\/creamy-crumbs-porur?utm_source=api_basic_user&utm_medium=api&utm_campaign=v2.1,"No. 1B-1A, Parvathy Avenue, Mugalivakkam Main Road, Madhanandhapuram, Porur, Chennai",Chennai
Hotel Gopal,https:\/\/www.zomato.com\/chennai\/hotel-gopal-porur?utm_source=api_basic_user&utm_medium=api&utm_campaign=v2.1,"Plot No. 1-A, Mugalivakkam Main Road, Madhanandhapuram, Porur, Chennai",Chennai
Root 2 Fruit,https:\/\/www.zomato.com\/chennai\/root-2-fruit-porur?utm_source=api_basic_user&utm_medium=api&utm_campaign=v2.1,"No. 3\/105, Mugalivakkam Main Road, Madhanandapuram, Near Amma Canteen, Porur, Chennai",Chennai
Hotel City Park,https:\/\/www.zomato.com\/chennai\/hotel-city-park-1-porur?utm_source=api_basic_user&utm_medium=api&utm_campaign=v2.1,"No. 2\/8, Kundrathur Road, Moulivakkam, Porur, Chennai",Chennai
Kongunadu Virundhu,https:\/\/www.zomato.com\/chennai\/kongunadu-virundhu-1-porur?utm_source=api_basic_user&utm_medium=api&utm_campaign=v2.1,"No. 95\/5, Kundrathur Main Road, Gerugambakkam, Porur, Chennai",Chennai
Sami Fast Food,https:\/\/www.zomato.com\/chennai\/sami-fast-food-porur?utm_source=api_basic_user&utm_medium=api&utm_campaign=v2.1,"No. 2\/9, Gandhi Nagar, Porur, Chennai",Chennai
Samudra Restaurant,https:\/\/www.zomato.com\/chennai\/samudra-restaurant-porur?utm_source=api_basic_user&utm_medium=api&utm_campaign=v2.1,"No. 117, Mount Poonamallee High Road, Mugalivakkam, Porur, Chennai",Chennai
Pearls,https:\/\/www.zomato.com\/chennai\/pearls-gst-road?utm_source=api_basic_user&utm_medium=api&utm_campaign=v2.1,"72, Pilliyar Koil Street, Srm Back Gate, Potheri, GST Road, Chennai",Chennai
London Bakery,https:\/\/www.zomato.com\/chennai\/london-bakery-ramapuram?utm_source=api_basic_user&utm_medium=api&utm_campaign=v2.1,"No. 3\/16, Valluvar Salai",Chennai
Madras Royal,https:\/\/www.zomato.com\/chennai\/madras-royal-st-thomas-mount?utm_source=api_basic_user&utm_medium=api&utm_campaign=v2.1,"No. 7\/8, Karayar Kovil Street, St. Thomas Mount, Chennai",Chennai
Maha Lakshmi Mess,https:\/\/www.zomato.com\/chennai\/maha-lakshmi-mess-saidapet?utm_source=api_basic_user&utm_medium=api&utm_campaign=v2.1,"No. 41, Soodiammanpettai Street, Saidapet, Chennai",Chennai
Kannamma Biriyani,https:\/\/www.zomato.com\/chennai\/kannamma-biriyani-t-nagar?utm_source=api_basic_user&utm_medium=api&utm_campaign=v2.1,"No. 24\/3, 70 Feet Road, New Boag Road, Kannamapettai, T. Nagar, Chennai",Chennai
Baba Hotel,https:\/\/www.zomato.com\/chennai\/baba-hotel-t-nagar?utm_source=api_basic_user&utm_medium=api&utm_campaign=v2.1,"No. 24\/3, 70 Feet Road, New Boag Road, Kannamapettai",Chennai
Baba Fast Food,https:\/\/www.zomato.com\/chennai\/baba-fast-food-t-nagar?utm_source=api_basic_user&utm_medium=api&utm_campaign=v2.1,"No. 1\/1, 2nd Street, Corporation Colony, Muthurangan Salai, T. Nagar, Chennai",Chennai
Kumbakonam Filter Coffee,https:\/\/www.zomato.com\/chennai\/kumbakonam-filter-coffee-t-nagar?utm_source=api_basic_user&utm_medium=api&utm_campaign=v2.1,"No. 38\/39, A Block, Rameswaram Road, T. Nagar, Chennai",Chennai
Baby Cafe,https:\/\/www.zomato.com\/chennai\/baby-cafe-t-nagar?utm_source=api_basic_user&utm_medium=api&utm_campaign=v2.1,"No. 30, Suganthi Complex, Rameswaram Road, T. Nagar, Chennai",Chennai
Raghul Tiffin Centre,https:\/\/www.zomato.com\/chennai\/raghul-tiffin-centre-t-nagar?utm_source=api_basic_user&utm_medium=api&utm_campaign=v2.1,"No. 5\/13, Rameswaram Road, T. Nagar, Chennai",Chennai
New Nellai Mess,https:\/\/www.zomato.com\/chennai\/new-nellai-mess-t-nagar?utm_source=api_basic_user&utm_medium=api&utm_campaign=v2.1,"No. 12, Rameswaram Road",Chennai
Candose,https:\/\/www.zomato.com\/chennai\/candose-t-nagar?utm_source=api_basic_user&utm_medium=api&utm_campaign=v2.1,"No. 28, Kala Flats, Rameswaram Road, T. Nagar, Chennai",Chennai
Madras Cafe,https:\/\/www.zomato.com\/chennai\/madras-cafe-t-nagar?utm_source=api_basic_user&utm_medium=api&utm_campaign=v2.1,"New Saibaba Temple, Rameswaram Road, T. Nagar, Chennai",Chennai
Starbucks,https:\/\/www.zomato.com\/chennai\/starbucks-nungambakkam?utm_source=api_basic_user&utm_medium=api&utm_campaign=v2.1,"Ground Floor, Bergamo Mall, Khader Nawaz Khan Road, Nungambakkam, Chennai",Chennai
Bismillah Biriyani,https:\/\/www.zomato.com\/chennai\/bismillah-biriyani-t-nagar?utm_source=api_basic_user&utm_medium=api&utm_campaign=v2.1,"No. 24, Rameswaram Road, T. Nagar, Chennai",Chennai
Bismillah Thalapakattu Briyani & Fast Food,https:\/\/www.zomato.com\/chennai\/bismillah-thalapakattu-briyani-fast-food-t-nagar?utm_source=api_basic_user&utm_medium=api&utm_campaign=v2.1,"No. 24, Rameswaram Road, T. Nagar, Chennai",Chennai
Ambur Biriyani,https:\/\/www.zomato.com\/chennai\/ambur-biriyani-t-nagar?utm_source=api_basic_user&utm_medium=api&utm_campaign=v2.1,"No. 15, Rameswaram Road, T. Nagar, Chennai",Chennai
Kumbakonam Iyengaran Coffee,https:\/\/www.zomato.com\/chennai\/kumbakonam-iyengaran-coffee-ramapuram?utm_source=api_basic_user&utm_medium=api&utm_campaign=v2.1,"No. 3\/13, Bharathi Salai, Ramapuram, Chennai",Chennai
King Burger & Juice & Snacks,https:\/\/www.zomato.com\/chennai\/king-burger-juice-snacks-gst-road?utm_source=api_basic_user&utm_medium=api&utm_campaign=v2.1,"71, Pilliyar Koil Street, Srm College Back Gate, GST Road, Chennai",Chennai
Kumbakonam Ayangaran Coffee,https:\/\/www.zomato.com\/chennai\/kumbakonam-ayangaran-coffee-ramapuram?utm_source=api_basic_user&utm_medium=api&utm_campaign=v2.1,"No. 3\/13, Bharathi Salai, Ramapuram, Chennai",Chennai
Shree Lakshmi Bhavan,https:\/\/www.zomato.com\/chennai\/shree-lakshmi-bhavan-ramapuram?utm_source=api_basic_user&utm_medium=api&utm_campaign=v2.1,"No. 70, Valluvar Salai, Ramapuram, Chennai",Chennai
Curry Home Hurry,https:\/\/www.zomato.com\/chennai\/curry-home-hurry-besant-nagar?utm_source=api_basic_user&utm_medium=api&utm_campaign=v2.1,"E 28, 2nd Avenue, Besant Nagar, Chennai",Chennai
Annam Cafe,https:\/\/www.zomato.com\/chennai\/annam-cafe-gst-road?utm_source=api_basic_user&utm_medium=api&utm_campaign=v2.1,"7, Thailavaram, Near SRM College, Pothheri, GST Road, Chennai",Chennai
Rumali Restaurant,https:\/\/www.zomato.com\/chennai\/rumali-restaurant-gst-road?utm_source=api_basic_user&utm_medium=api&utm_campaign=v2.1,"19, Bajanai Koil Street, West Potheri, SRM Back Gate, GST Road, Chennai",Chennai
Bihari Dhaba,https:\/\/www.zomato.com\/chennai\/bihari-dhaba-gst-road?utm_source=api_basic_user&utm_medium=api&utm_campaign=v2.1,"12, Bhajana Koil Street, SRM College Back Gate, GST Road, Chennai",Chennai
Rajasthani Gujrati Dhaba,https:\/\/www.zomato.com\/chennai\/rajasthani-gujrati-dhaba-gst-road?utm_source=api_basic_user&utm_medium=api&utm_campaign=v2.1,"1, Perumal Koil Street, SRM College Back Gate, GST Road, Chennai",Chennai
Ayyanar Restaurant,https:\/\/www.zomato.com\/chennai\/ayyanar-restaurant-1-gst-road?utm_source=api_basic_user&utm_medium=api&utm_campaign=v2.1,"73, Pilliyar Koil Street, Potheri, Srm Back Gate, GST Road, Chennai",Chennai
Blueberry,https:\/\/www.zomato.com\/chennai\/blueberry-gst-road?utm_source=api_basic_user&utm_medium=api&utm_campaign=v2.1,"71, Pilliyar Koil Street, SRm College Back Gate, Potheri, GST Road, Chennai",Chennai
Chaat House,https:\/\/www.zomato.com\/chennai\/chaat-house-gst-road?utm_source=api_basic_user&utm_medium=api&utm_campaign=v2.1,"63, Pilliyar Koil Street, Srm Back Gate, GST Road, Chennai",Chennai
The Appula's,https:\/\/www.zomato.com\/chennai\/the-appulas-egatoor?utm_source=api_basic_user&utm_medium=api&utm_campaign=v2.1,"1st Floor, 94\/1, OMR, Rajiv Gandhi Salai, Egatoor, Chennai",Chennai
Aroma Veg Treat,https:\/\/www.zomato.com\/chennai\/aroma-veg-treat-west-mambalam?utm_source=api_basic_user&utm_medium=api&utm_campaign=v2.1,"New 11, Old 5, Thambiah Reddy Street, West Mambalam, Chennai",Chennai
Dilli Darbar,https:\/\/www.zomato.com\/chennai\/dilli-darbar-gst-road?utm_source=api_basic_user&utm_medium=api&utm_campaign=v2.1,"Pilliyar Koil Street, Srm Back Gate, Potheri, GST Road, Chennai",Chennai
Meet The Burger,https:\/\/www.zomato.com\/chennai\/meet-the-burger-navallur?utm_source=api_basic_user&utm_medium=api&utm_campaign=v2.1,"1\/258, OMR, Thalumbur Road, Navallur, Chennai",Chennai
Appa Sutta Dosai,https:\/\/www.zomato.com\/chennai\/appa-sutta-dosai-velachery?utm_source=api_basic_user&utm_medium=api&utm_campaign=v2.1,"137, Shop 1, Grand Arcade, Seetharaman, Velachery, Chennai",Chennai
India Gate,https:\/\/www.zomato.com\/chennai\/india-gate-thuraipakkam?utm_source=api_basic_user&utm_medium=api&utm_campaign=v2.1,"1, Sakthi Nagar, Main Road, Okkiyam Thuraipakkam, Thuraipakkam, Chennai",Chennai
Hotel New Punjabi Dhaba,https:\/\/www.zomato.com\/chennai\/hotel-new-punjabi-dhaba-gst-road?utm_source=api_basic_user&utm_medium=api&utm_campaign=v2.1,"1, GST Main Road, Near Srm, Potheri, GST Road, Chennai",Chennai
Al-Mabrook Restaurant Biriyani & Grill,https:\/\/www.zomato.com\/chennai\/al-mabrook-restaurant-biriyani-grill-t-nagar?utm_source=api_basic_user&utm_medium=api&utm_campaign=v2.1,"No. 5, North Usman Road, T. Nagar, Chennai",Chennai
Gumgumalu,https:\/\/www.zomato.com\/chennai\/gumgumalu-chengalpattu?utm_source=api_basic_user&utm_medium=api&utm_campaign=v2.1,"52\/67, Near SBI Bank Atm, Mahindra World City, Chengalpattu, Chennai",Chennai
Biryaani Palace,https:\/\/www.zomato.com\/chennai\/biryaani-palace-porur?utm_source=api_basic_user&utm_medium=api&utm_campaign=v2.1,"116, Bazaar Road, Kundrathur, Porur, Chennai",Chennai
Hot N Spicy,https:\/\/www.zomato.com\/chennai\/hot-n-spicy-porur?utm_source=api_basic_user&utm_medium=api&utm_campaign=v2.1,"1, Thuluka Street, Near Police Station, Porur, Chennai",Chennai
Madurai Sri Muniyandi Vilas,https:\/\/www.zomato.com\/chennai\/madurai-sri-muniyandi-vilas-porur?utm_source=api_basic_user&utm_medium=api&utm_campaign=v2.1,"70, Thuluka Street, Kundrathur, Porur, Chennai",Chennai
Hotel Junior Ponnaiya,https:\/\/www.zomato.com\/chennai\/hotel-junior-ponnaiya-porur?utm_source=api_basic_user&utm_medium=api&utm_campaign=v2.1,"5\/2, Kundrathur Main Road, Porur, Chennai",Chennai
Syed Arcot Chicken Biriyani & Fast Food,https:\/\/www.zomato.com\/chennai\/syed-arcot-chicken-biriyani-fast-food-porur?utm_source=api_basic_user&utm_medium=api&utm_campaign=v2.1,"Kundrathur Main Road, Periyapanicheri, Porur, Chennai",Chennai
The Biryani Factory,https:\/\/www.zomato.com\/chennai\/the-biryani-factory-1-porur?utm_source=api_basic_user&utm_medium=api&utm_campaign=v2.1,"93, Trunk Road, Near Gopalakriishna Theatre, Porur, Chennai",Chennai
Suganivaas,https:\/\/www.zomato.com\/chennai\/suganivaas-porur?utm_source=api_basic_user&utm_medium=api&utm_campaign=v2.1,"1\/768, Selvaganapathy Nagar, Mugalivakkam, Porur, Chennai",Chennai
Fried N Fries,https:\/\/www.zomato.com\/chennai\/fried-n-fries-gst-road?utm_source=api_basic_user&utm_medium=api&utm_campaign=v2.1,"73, Pilliyar Koil Street, Srm Back Gate, Potheri, GST Road, Chennai",Chennai
Aahar,https:\/\/www.zomato.com\/chennai\/aahar-sholinganallur?utm_source=api_basic_user&utm_medium=api&utm_campaign=v2.1,"Sholinganallur, Chennai",Chennai
Mr. Papdi,https:\/\/www.zomato.com\/chennai\/mr-papdi-ashok-nagar?utm_source=api_basic_user&utm_medium=api&utm_campaign=v2.1,"#3, 9th Avenue, Ashok pillar, next to madras coffee house, near girls govt. school, Ashok Nagar, Chennai",Chennai
IS Luscious,https:\/\/www.zomato.com\/chennai\/is-luscious-sholinganallur?utm_source=api_basic_user&utm_medium=api&utm_campaign=v2.1,"Shop 12, Sholinganallur Market, Beside Infosys, Sholinganallur, Chennai",Chennai
Halal Food Court,https:\/\/www.zomato.com\/chennai\/halal-food-court-kodambakkam?utm_source=api_basic_user&utm_medium=api&utm_campaign=v2.1,"4, 4th Cross Street, United India Colony, Kodambakkam, Chennai",Chennai
Bake My Day,https:\/\/www.zomato.com\/chennai\/bake-my-day-anna-nagar-west?utm_source=api_basic_user&utm_medium=api&utm_campaign=v2.1,"2, Tas Enclave, AK Block, Anna Nagar West, Chennai",Chennai
Arafa Takeaway,https:\/\/www.zomato.com\/chennai\/arafa-takeaway-nungambakkam?utm_source=api_basic_user&utm_medium=api&utm_campaign=v2.1,"1, Nageswar Road, Nungambakkam, Chennai",Chennai
The Cake Designer,https:\/\/www.zomato.com\/chennai\/the-cake-designer-ashok-nagar?utm_source=api_basic_user&utm_medium=api&utm_campaign=v2.1,"Shop 2, 22nd street, 5th Avenue, Ashok Nagar, Chennai",Chennai
Aasife & Brothers Biriyani Centre,https:\/\/www.zomato.com\/chennai\/aasife-brothers-biriyani-centre-egmore?utm_source=api_basic_user&utm_medium=api&utm_campaign=v2.1,"101, Swamy Naicken Street, Chindadripet, Egmore, Chennai",Chennai
Kattumaram,https:\/\/www.zomato.com\/chennai\/kattumaram-arumbakkam?utm_source=api_basic_user&utm_medium=api&utm_campaign=v2.1,"834\/596, Ponnamalle High Road, Arumbakkam, Chennai",Chennai
Hangoutz,https:\/\/www.zomato.com\/chennai\/hangoutz-madhavaram?utm_source=api_basic_user&utm_medium=api&utm_campaign=v2.1,"Shop 4, 2nd Floor, Madhavaram High Road, JKR Nagar, Chennai",Chennai
Vishwa Restaurant,https:\/\/www.zomato.com\/chennai\/vishwa-restaurant-ekkaduthangal?utm_source=api_basic_user&utm_medium=api&utm_campaign=v2.1,"No. 25, Poonamallee Road, Ekkaduthangal, Chennai",Chennai
Hotel Saravana Bhavan,https:\/\/www.zomato.com\/chennai\/hotel-saravana-bhavan-kodambakkam?utm_source=api_basic_user&utm_medium=api&utm_campaign=v2.1,"25, 1st Main Road, Kodambakkam, Chennai",Chennai
A2B - Adyar Ananda Bhavan,https:\/\/www.zomato.com\/chennai\/a2b-adyar-ananda-bhavan-mahabalipuram?utm_source=api_basic_user&utm_medium=api&utm_campaign=v2.1,"No. 78, Nehru Illam, TNL Welfare Building, Mahabalipuram, Chennai",Chennai
Links,https:\/\/www.zomato.com\/chennai\/links-arumbakkam?utm_source=api_basic_user&utm_medium=api&utm_campaign=v2.1,"20\/21, Dr. Radhakrishna Nagar, Opposite DG Vaishnav, Arumbakkam, Chennai",Chennai
Mummy Fast Food Biriyani Castle,https:\/\/www.zomato.com\/chennai\/mummy-fast-food-biriyani-castle-anna-nagar-west?utm_source=api_basic_user&utm_medium=api&utm_campaign=v2.1,"No. 126, Radilal House Building, Mogappair Road, Anna Nagar West, Chennai",Chennai
Cafe 97,https:\/\/www.zomato.com\/chennai\/cafe-97-anna-nagar-west?utm_source=api_basic_user&utm_medium=api&utm_campaign=v2.1,"No. 45\/8, Shanthi Nikethan Colony, Anna Nagar West, Chennai",Chennai
Chinni's Kitchen,https:\/\/www.zomato.com\/chennai\/chinnis-kitchen-mogappair?utm_source=api_basic_user&utm_medium=api&utm_campaign=v2.1,"Justice Rathinavel Pandian Street, Golden George Nagar, Nerkundran, Mogappair, Chennai",Chennai
Sai Juice Spot,https:\/\/www.zomato.com\/chennai\/sai-juice-spot-royapettah?utm_source=api_basic_user&utm_medium=api&utm_campaign=v2.1,"Old 27, New 69, Shaik Bawood Street, Royapettah, Chennai",Chennai
Almonds,https:\/\/www.zomato.com\/chennai\/almonds-mogappair?utm_source=api_basic_user&utm_medium=api&utm_campaign=v2.1,"No. 37, Rathnivel Pandian Road, Golden George Nagar, Mogappair, Chennai",Chennai
Star Park Biriyani,https:\/\/www.zomato.com\/chennai\/star-park-biriyani-mogappair?utm_source=api_basic_user&utm_medium=api&utm_campaign=v2.1,"Rathnivel Pandian Streer, Mogappair, Chennai",Chennai
Hotel Vishnu Bhavan,https:\/\/www.zomato.com\/chennai\/hotel-vishnu-bhavan-mogappair?utm_source=api_basic_user&utm_medium=api&utm_campaign=v2.1,"No. 120, Golden George Nagar, Church Road, Mogappair, Chennai",Chennai
Appuchi Unavagam,https:\/\/www.zomato.com\/chennai\/appuchi-unavagam-mogappair?utm_source=api_basic_user&utm_medium=api&utm_campaign=v2.1,"No. 113, Vellalar Street, West Mogappair, Chennai",Chennai
Hotel Pandian,https:\/\/www.zomato.com\/chennai\/hotel-pandian-mogappair?utm_source=api_basic_user&utm_medium=api&utm_campaign=v2.1,"No. 3,PC-7, Kambar Salai, West Mogappair, Chennai",Chennai
SLB Cake House,https:\/\/www.zomato.com\/chennai\/slb-cake-house-alandur?utm_source=api_basic_user&utm_medium=api&utm_campaign=v2.1,"No. 85-A, Railway Station Road, Alandur, Chennai",Chennai
Entremets,https:\/\/www.zomato.com\/chennai\/entremets-egmore?utm_source=api_basic_user&utm_medium=api&utm_campaign=v2.1,"16, Kennet Lane Street, Opposite Post Office, Egmore, Chennai",Chennai
Majestic Briyani,https:\/\/www.zomato.com\/chennai\/majestic-briyani-ekkaduthangal?utm_source=api_basic_user&utm_medium=api&utm_campaign=v2.1,"No. 29, Jawaharlal Salai, Next to SBI Bank, Ekkaduthangal, Chennai",Chennai
Al Durbar Biriyani & Fast Food,https:\/\/www.zomato.com\/chennai\/al-durbar-biriyani-fast-food-ekkaduthangal?utm_source=api_basic_user&utm_medium=api&utm_campaign=v2.1,"No. 24, Poonamallee Road, Ekkaduthangal, Chennai",Chennai
Hotel Green Signal,https:\/\/www.zomato.com\/chennai\/hotel-green-signal-ekkaduthangal?utm_source=api_basic_user&utm_medium=api&utm_campaign=v2.1,"7\/8, Poonamallee Road, Ekkaduthangal, Chennai",Chennai
Riswan Tiffen Centre,https:\/\/www.zomato.com\/chennai\/riswan-tiffen-centre-ekkaduthangal?utm_source=api_basic_user&utm_medium=api&utm_campaign=v2.1,"No. 14, Poonamallee Road, Ekkaduthangal, Chennai",Chennai
Thai Unavagam,https:\/\/www.zomato.com\/chennai\/thai-unavagam-ekkaduthangal?utm_source=api_basic_user&utm_medium=api&utm_campaign=v2.1,"No. 14-A, Poonamallee Road, Ekkaduthangal, Chennai",Chennai
Saapida Vaanga,https:\/\/www.zomato.com\/chennai\/saapida-vaanga-ashok-nagar?utm_source=api_basic_user&utm_medium=api&utm_campaign=v2.1,"Mo. 92\/94, Pilliyar Koil Sreet, Japurkhanpet, Next to Kasi Theatre, Ashok Nagar, Chennai",Chennai
SD Hydrabadi Briyani & Fast Food,https:\/\/www.zomato.com\/chennai\/sd-hydrabadi-briyani-fast-food-ashok-nagar?utm_source=api_basic_user&utm_medium=api&utm_campaign=v2.1,"No. 7\/9, Pillayar Koil Street, Jaferkhan Street, Ashok Nagar, Chennai",Chennai
S. Pavithara Ice Parlour,https:\/\/www.zomato.com\/chennai\/s-pavithara-ice-parlour-ashok-nagar?utm_source=api_basic_user&utm_medium=api&utm_campaign=v2.1,"No. 101\/72, Pillayar Koil Street, Jaferkhanpet, Ashok Nagar, Chennai",Chennai
3G Corner,https:\/\/www.zomato.com\/chennai\/3g-corner-west-mambalam?utm_source=api_basic_user&utm_medium=api&utm_campaign=v2.1,"No. 17\/74, Govindan Road, Mettupalayam, West Mambalam, Chennai",Chennai
Yellow Panda,https:\/\/www.zomato.com\/chennai\/yellow-panda-kanathur?utm_source=api_basic_user&utm_medium=api&utm_campaign=v2.1,"3\/481, East Coast Road (ECR), Uthandi, Kanathur, Chennai",Chennai
Cakes and Berrys,https:\/\/www.zomato.com\/chennai\/cakes-and-berrys-valasaravakkam?utm_source=api_basic_user&utm_medium=api&utm_campaign=v2.1,"2A, Sridevi Kuppam Main Road, Valasaravakkam, Chennai",Chennai
Madurai Devar Mess,https:\/\/www.zomato.com\/chennai\/madurai-devar-mess-kolathur?utm_source=api_basic_user&utm_medium=api&utm_campaign=v2.1,"No. 10, 200 Feet Road, Thiruvalluvar Nagar, Kolathur, Chennai",Chennai
Parambriym,https:\/\/www.zomato.com\/chennai\/parambriym-kolathur?utm_source=api_basic_user&utm_medium=api&utm_campaign=v2.1,"No. 12, Paper Mills Road, Red Hills, Kolathur, Chennai",Chennai
Namma Veedu Kalyana Biriyani Fast Food & Tiffin,https:\/\/www.zomato.com\/chennai\/namma-veedu-kalyana-biriyani-fast-food-tiffin-kolathur?utm_source=api_basic_user&utm_medium=api&utm_campaign=v2.1,"No. 8, Balaji Nagar, Kolathur, Chennai",Chennai
Lemon Square,https:\/\/www.zomato.com\/chennai\/lemon-square-semmancheri?utm_source=api_basic_user&utm_medium=api&utm_campaign=v2.1,"OMR, Semmancheri, Chennai",Chennai
Munch Munch,https:\/\/www.zomato.com\/chennai\/munch-munch-kolathur?utm_source=api_basic_user&utm_medium=api&utm_campaign=v2.1,"No. 7\/2, Paper Mills Road, Lakshmanan Nagar, Next to Don Bosco School, Kolathur, Chennai",Chennai
Hotel Ganga,https:\/\/www.zomato.com\/chennai\/hotel-ganga-perambur?utm_source=api_basic_user&utm_medium=api&utm_campaign=v2.1,"No. 21\/5, 1st Main Road, Jawahar Nagar, Perambur, Chennai",Chennai
Scream,https:\/\/www.zomato.com\/chennai\/scream-perambur?utm_source=api_basic_user&utm_medium=api&utm_campaign=v2.1,"No. 134, Karthikeyan Salai, Periyar Nagar, Perambur, Chennai",Chennai
Chic Chit,https:\/\/www.zomato.com\/chennai\/chic-chit-perambur?utm_source=api_basic_user&utm_medium=api&utm_campaign=v2.1,"No. 47\/111, Raghavan Street, Perambur, Chennai",Chennai
Mayilai Hot Chapathi,https:\/\/www.zomato.com\/chennai\/mayilai-hot-chapathi-kolathur?utm_source=api_basic_user&utm_medium=api&utm_campaign=v2.1,"No. 183, Thiruvika Nagar Bus Stop, Kolathur, Chennai",Chennai
L. Mark Laddu Shop,https:\/\/www.zomato.com\/chennai\/l-mark-laddu-shop-kolathur?utm_source=api_basic_user&utm_medium=api&utm_campaign=v2.1,"No. 2\/2, Red Hills Road, Kolathur, Chennai",Chennai
Moradabadi Briyani,https:\/\/www.zomato.com\/chennai\/moradabadi-briyani-kolathur?utm_source=api_basic_user&utm_medium=api&utm_campaign=v2.1,"No. 21\/10, Lakshmiamman Koil Street, Next to Ganga Theatre, Kolathur, Chennai",Chennai
Riyaz Biriyani,https:\/\/www.zomato.com\/chennai\/riyaz-biriyani-kolathur?utm_source=api_basic_user&utm_medium=api&utm_campaign=v2.1,"No. 183, Red Hills Road, Kolathur, Chennai",Chennai
Hot 'N' Cool,https:\/\/www.zomato.com\/chennai\/hot-n-cool-kolathur?utm_source=api_basic_user&utm_medium=api&utm_campaign=v2.1,"No. 3, 200 Feet Road, Ayyappa Nagar, Kolathur, Chennai",Chennai
Madharas Biryani,https:\/\/www.zomato.com\/chennai\/madharas-biryani-perambur?utm_source=api_basic_user&utm_medium=api&utm_campaign=v2.1,"No. 9A\/3, Raja Garden, Paper Mills Road, Paravellore, Perambur, Chennai",Chennai
Madharass Biryani,https:\/\/www.zomato.com\/chennai\/madharass-biryani-1-kolathur?utm_source=api_basic_user&utm_medium=api&utm_campaign=v2.1,"No. 14, Vivekananda Main Road, Kolathur, Chennai",Chennai
New Sri Balaji Bhavan,https:\/\/www.zomato.com\/chennai\/new-sri-balaji-bhavan-kolathur?utm_source=api_basic_user&utm_medium=api&utm_campaign=v2.1,"No. 3, 200 Feet Road, Kolathur, Chennai",Chennai
Kripchic Hot & Cool,https:\/\/www.zomato.com\/chennai\/kripchic-hot-cool-kolathur?utm_source=api_basic_user&utm_medium=api&utm_campaign=v2.1,"No. 8\/17, South Railway Station Road, Venkatraman Nagar, Kolathur, Chennai",Chennai
Cake Box,https:\/\/www.zomato.com\/chennai\/cake-box-kolathur?utm_source=api_basic_user&utm_medium=api&utm_campaign=v2.1,"No. H-3, TNHB CEntral Avenue, Kolathur, Chennai",Chennai
Hotel Gayathri Bhavan,https:\/\/www.zomato.com\/chennai\/hotel-gayathri-bhavan-kolathur?utm_source=api_basic_user&utm_medium=api&utm_campaign=v2.1,"No. 1164, 57th Street, Railway Station Road Korattur, Kolathur, Chennai",Chennai
Hotel New Saravanas,https:\/\/www.zomato.com\/chennai\/hotel-new-saravanas-kolathur?utm_source=api_basic_user&utm_medium=api&utm_campaign=v2.1,"No. 616, Central Avenue, Kolathur, Chennai",Chennai
Bakkings,https:\/\/www.zomato.com\/chennai\/bakkings-ekkaduthangal?utm_source=api_basic_user&utm_medium=api&utm_campaign=v2.1,"No. 11\/2A, Poonamallee Road, Ekkaduthangal, Chennai",Chennai
Indulgence,https:\/\/www.zomato.com\/chennai\/indulgence-nandanam?utm_source=api_basic_user&utm_medium=api&utm_campaign=v2.1,"15 South road, West CIT Nagar, Nandanam, Chennai",Chennai
Shree Bombay Halwa House,https:\/\/www.zomato.com\/chennai\/shree-bombay-halwa-house-thiruvanmiyur?utm_source=api_basic_user&utm_medium=api&utm_campaign=v2.1,"52, MG Road, Thiruvanmiyur, Chennai",Chennai
Arun Home Mess,https:\/\/www.zomato.com\/chennai\/arun-home-mess-velachery?utm_source=api_basic_user&utm_medium=api&utm_campaign=v2.1,"172, Doss Avenue, Annai Indranagar, Baby Nagar, 2nd Main Road, Velachery, Chennai",Chennai
Salem RR Briyani Unvagam,https:\/\/www.zomato.com\/chennai\/salem-rr-briyani-unvagam-medavakkam?utm_source=api_basic_user&utm_medium=api&utm_campaign=v2.1,"No. 4.583, Velachery Main Road, Medavakkam, Chennai",Chennai
Bread Ways,https:\/\/www.zomato.com\/chennai\/bread-ways-porur?utm_source=api_basic_user&utm_medium=api&utm_campaign=v2.1,"58 A, Balaji Nagar, Opposite PSBB Millenium School, Gerugambakkam, Porur, Chennai",Chennai
Chennai Delight,https:\/\/www.zomato.com\/chennai\/chennai-delight-nungambakkam?utm_source=api_basic_user&utm_medium=api&utm_campaign=v2.1,"132, Sterling Road, Nungambakkam, Chennai",Chennai
Idli Xpress,https:\/\/www.zomato.com\/chennai\/idli-xpress-velachery?utm_source=api_basic_user&utm_medium=api&utm_campaign=v2.1,"6, Venkateshwara Nagar, 2nd Main Road, Off 100 feet Bypass Road, Near Simrans Appa Kadai, Velachery, Chennai",Chennai
Namma Aachi,https:\/\/www.zomato.com\/chennai\/namma-aachi-akkarai?utm_source=api_basic_user&utm_medium=api&utm_campaign=v2.1,"65, East Coast Road (ECR), Panaiyur, Akkarai, Chennai",Chennai
What's Up,https:\/\/www.zomato.com\/chennai\/whats-up-kodambakkam?utm_source=api_basic_user&utm_medium=api&utm_campaign=v2.1,"6, United India Colony, 6th Cross Street, Kodambakkam, Chennai",Chennai
Mad Batter,https:\/\/www.zomato.com\/chennai\/mad-batter-mandaveli?utm_source=api_basic_user&utm_medium=api&utm_campaign=v2.1,"3rd Floor, D-3, No. 153, Shantigulmohar Apartments, RK Mutt Road, Mandaveli, Chennai",Chennai
Nandini Restaurant,https:\/\/www.zomato.com\/chennai\/nandini-restaurant-medavakkam?utm_source=api_basic_user&utm_medium=api&utm_campaign=v2.1,"Shop 247-B, 388\/14, 200 Feet Road, Thuraipakkam-Pallavaram, Medavakkam, Chennai",Chennai
Xtasy Bar,https:\/\/www.zomato.com\/chennai\/xtasy-bar-medavakkam?utm_source=api_basic_user&utm_medium=api&utm_campaign=v2.1,"388\/14, 200 feat Road, Kovilambakkam, Medavakkam, Chennai",Chennai
CK's Bakery,https:\/\/www.zomato.com\/chennai\/cks-bakery-thiruvanmiyur?utm_source=api_basic_user&utm_medium=api&utm_campaign=v2.1,"72, East Mada Street, Thiruvanmiyur, Chennai",Chennai
Craving Curries,https:\/\/www.zomato.com\/chennai\/craving-curries-virugambakkam?utm_source=api_basic_user&utm_medium=api&utm_campaign=v2.1,"140, Balaji Arcot Road, Virugambakkam, Chennai",Chennai
Juice Pump,https:\/\/www.zomato.com\/chennai\/juice-pump-mylapore?utm_source=api_basic_user&utm_medium=api&utm_campaign=v2.1,"4th Floor, Citi Centre Mall, Radhakrishna Salai, Mylapore, Chennai",Chennai
Salt. Co. 531 - Radisson Blu,https:\/\/www.zomato.com\/chennai\/salt-co-531-radisson-blu-gst-road?utm_source=api_basic_user&utm_medium=api&utm_campaign=v2.1,"Radisson Blu, 531, St. Thomas Mount, GST Road, Chennai",Chennai
Mr Bakerz,https:\/\/www.zomato.com\/chennai\/mr-bakerz-royapettah?utm_source=api_basic_user&utm_medium=api&utm_campaign=v2.1,"66, Peters Road, Royapettah, Chennai",Chennai
Hotel Sri Adhitya,https:\/\/www.zomato.com\/chennai\/hotel-sri-adhitya-kolathur?utm_source=api_basic_user&utm_medium=api&utm_campaign=v2.1,"196\/6, 38th Street, Railway Station Road, Korattur, Kolathur, Chennai",Chennai
Kurinji Food Mall,https:\/\/www.zomato.com\/chennai\/kurinji-food-mall-perungudi?utm_source=api_basic_user&utm_medium=api&utm_campaign=v2.1,"Anna Nedun Salai, Perungudi, Chennai",Chennai
Dakshina Puram,https:\/\/www.zomato.com\/chennai\/dakshina-puram-karapakkam?utm_source=api_basic_user&utm_medium=api&utm_campaign=v2.1,"14, Rajiv Gandhi Salai , Opposite TCS, Karapakkam, Chennai",Chennai
A1 Cake Shop,https:\/\/www.zomato.com\/chennai\/a1-cake-shop-adambakkam?utm_source=api_basic_user&utm_medium=api&utm_campaign=v2.1,"4\/23, Kakkan Nagar, 1st Main Road, Adambakkam, Chennai",Chennai
Abiram Hotel,https:\/\/www.zomato.com\/chennai\/abiram-hotel-adambakkam?utm_source=api_basic_user&utm_medium=api&utm_campaign=v2.1,"50, Opposite Railway Station, Palandi Amman Koil Street, Adambakkam, Chennai",Chennai
Alandur Beef Biriyani Kadai,https:\/\/www.zomato.com\/chennai\/alandur-beef-biriyani-kadai-adambakkam?utm_source=api_basic_user&utm_medium=api&utm_campaign=v2.1,"56, Palandi Amman Koil Street, Adambakkam, Chennai",Chennai
Bai Brothers Biriyani & Fast Foods Center,https:\/\/www.zomato.com\/chennai\/bai-brothers-biriyani-fast-foods-center-adambakkam?utm_source=api_basic_user&utm_medium=api&utm_campaign=v2.1,"20\/29, Vellalar Street, Adambakkam, Chennai",Chennai
Hotel Chennai Masala,https:\/\/www.zomato.com\/chennai\/hotel-chennai-masala-adambakkam?utm_source=api_basic_user&utm_medium=api&utm_campaign=v2.1,"63, Vellalar Street, Adambakkam, Chennai",Chennai
Hotel Ganapathi,https:\/\/www.zomato.com\/chennai\/hotel-ganapathi-adambakkam?utm_source=api_basic_user&utm_medium=api&utm_campaign=v2.1,"63, Opposite Railway Station, Adambakkam, Chennai",Chennai
Hotel New Nellai,https:\/\/www.zomato.com\/chennai\/hotel-new-nellai-alandur?utm_source=api_basic_user&utm_medium=api&utm_campaign=v2.1,"548, Mkn Road, Alandur, Chennai",Chennai
Hotel Sabari,https:\/\/www.zomato.com\/chennai\/hotel-sabari-alandur?utm_source=api_basic_user&utm_medium=api&utm_campaign=v2.1,"Above Bridge, MKN Road, Alandur, Chennai",Chennai
Hotel Vasantham,https:\/\/www.zomato.com\/chennai\/hotel-vasantham-1-alandur?utm_source=api_basic_user&utm_medium=api&utm_campaign=v2.1,"13, Mandi Street, Alandur, Chennai",Chennai
Kalyani Biryani & Fast Food,https:\/\/www.zomato.com\/chennai\/kalyani-biryani-fast-food-adambakkam?utm_source=api_basic_user&utm_medium=api&utm_campaign=v2.1,"4\/23, 1st Main Road, Kakkan Nagar, Adambakkam, Chennai",Chennai
Mount Cafe,https:\/\/www.zomato.com\/chennai\/mount-cafe-adambakkam?utm_source=api_basic_user&utm_medium=api&utm_campaign=v2.1,"164, Karikalan Street, Adambakkam, Chennai",Chennai
Nagore Biryani,https:\/\/www.zomato.com\/chennai\/nagore-biryani-adambakkam?utm_source=api_basic_user&utm_medium=api&utm_campaign=v2.1,"24\/55, 1st Main Road, Kakkan Nagar, Adambakkam, Chennai",Chennai
Nawab's Briyani,https:\/\/www.zomato.com\/chennai\/nawabs-briyani-adambakkam?utm_source=api_basic_user&utm_medium=api&utm_campaign=v2.1,"49, vellalar Street, Adambakkam, Chennai",Chennai
Royal Restaurant,https:\/\/www.zomato.com\/chennai\/royal-restaurant-alandur?utm_source=api_basic_user&utm_medium=api&utm_campaign=v2.1,"14, Mandi Street, Alandur, Chennai",Chennai
Arun Ice Cream,https:\/\/www.zomato.com\/chennai\/arun-ice-cream-1-adambakkam?utm_source=api_basic_user&utm_medium=api&utm_campaign=v2.1,"43, Palandi Amman Koil Street, Adambakkam, Chennai",Chennai
Shree Aarya Bhavan,https:\/\/www.zomato.com\/chennai\/shree-aarya-bhavan-adambakkam?utm_source=api_basic_user&utm_medium=api&utm_campaign=v2.1,"8\/5, Karuneegar Street, Adambakkam, Chennai",Chennai
Sree Foods,https:\/\/www.zomato.com\/chennai\/sree-foods-adambakkam?utm_source=api_basic_user&utm_medium=api&utm_campaign=v2.1,"4\/7, PSC Complex, Karuneegar Street, Adambakkam, Chennai",Chennai
Sree Ganesh Mess,https:\/\/www.zomato.com\/chennai\/sree-ganesh-mess-adambakkam?utm_source=api_basic_user&utm_medium=api&utm_campaign=v2.1,"Brindavan Nagar, Adambakkam, Chennai",Chennai
Shree Mathura Sweet House,https:\/\/www.zomato.com\/chennai\/shree-mathura-sweet-house-alandur?utm_source=api_basic_user&utm_medium=api&utm_campaign=v2.1,"MKN Road, Alandur, Chennai",Chennai
Madurai Sree Pandian Hotel,https:\/\/www.zomato.com\/chennai\/madurai-sree-pandian-hotel-alandur?utm_source=api_basic_user&utm_medium=api&utm_campaign=v2.1,"492, MKN Road, Alandur, Chennai",Chennai
Sri Aariya Bhavan,https:\/\/www.zomato.com\/chennai\/sri-aariya-bhavan-adambakkam?utm_source=api_basic_user&utm_medium=api&utm_campaign=v2.1,"63, Palandi Amman Koil Street, Adambakkam, Chennai",Chennai
TS Thalappakattu,https:\/\/www.zomato.com\/chennai\/ts-thalappakattu-adambakkam?utm_source=api_basic_user&utm_medium=api&utm_campaign=v2.1,"56, Vellalar Street, Near Jaylakshmi Theatre, Adambakkam, Chennai",Chennai
Alandur Thalapakattu Biriyani,https:\/\/www.zomato.com\/chennai\/alandur-thalapakattu-biriyani-alandur?utm_source=api_basic_user&utm_medium=api&utm_campaign=v2.1,"MKN Road, Alandur, Chennai",Chennai
Venkteshwara Boli Stall,https:\/\/www.zomato.com\/chennai\/venkteshwara-boli-stall-adambakkam?utm_source=api_basic_user&utm_medium=api&utm_campaign=v2.1,"Plot 60, 1st Main Road,Mahalaxmi Nagar, Adambakkam, Chennai",Chennai
Zam Zam Biriyani,https:\/\/www.zomato.com\/chennai\/zam-zam-biriyani-adambakkam?utm_source=api_basic_user&utm_medium=api&utm_campaign=v2.1,"29, 1st Main Road, Kakkan Nagar, Adambakkam, Chennai",Chennai
Chicken Runner,https:\/\/www.zomato.com\/chennai\/chicken-runner-pallavaram?utm_source=api_basic_user&utm_medium=api&utm_campaign=v2.1,"125, PV Vathiyalingam Road, Pallavaram, Chennai",Chennai
Crush,https:\/\/www.zomato.com\/chennai\/crush-sholinganallur?utm_source=api_basic_user&utm_medium=api&utm_campaign=v2.1,"Opposite Sholinganallur Signal, Sholinganallur, Chennai",Chennai
Fruit Storm,https:\/\/www.zomato.com\/chennai\/fruit-storm-kanathur?utm_source=api_basic_user&utm_medium=api&utm_campaign=v2.1,"East Coast Road (ECR), Uthandi Colony, Uthandi, Kanathur, Chennai",Chennai
Great Vaniyambadi Biriyani's,https:\/\/www.zomato.com\/chennai\/great-vaniyambadi-biriyanis-taramani?utm_source=api_basic_user&utm_medium=api&utm_campaign=v2.1,"100 Feet Road, Taramani, Chennai",Chennai
Hot Chips & Food Court,https:\/\/www.zomato.com\/chennai\/hot-chips-food-court-thiruvanmiyur?utm_source=api_basic_user&utm_medium=api&utm_campaign=v2.1,"A11, 2nd Avenue, Thiruvalluvar Nagar, Thiruvanmiyur, Chennai",Chennai
Hotel Ariyaa Chettinadu,https:\/\/www.zomato.com\/chennai\/hotel-ariyaa-chettinadu-kanathur?utm_source=api_basic_user&utm_medium=api&utm_campaign=v2.1,"745, East Coast Road (ECR), Kanathur, Chennai",Chennai
Hyderabad Briyani,https:\/\/www.zomato.com\/chennai\/hyderabad-briyani-adyar?utm_source=api_basic_user&utm_medium=api&utm_campaign=v2.1,"Opposite Adyar Bridge, LB Road, Adyar, Chennai",Chennai
Immanuel Bakery,https:\/\/www.zomato.com\/chennai\/immanuel-bakery-thiruvanmiyur?utm_source=api_basic_user&utm_medium=api&utm_campaign=v2.1,"2nd Avenue, Thiruvalluvar Nagar, Thiruvanmiyur, Chennai",Chennai
